creado,impresionBN,impresionC,impresionFotocopia
2024-10-07T18:22:47.666Z,509902,911382,5112013
2024-09-02T18:21:13.887Z,698851,895236,5038240
2024-09-03T18:17:13.046Z,698919,895645,5040645
2024-09-04T18:17:27.687Z,699664,896514,5045532
2024-09-05T18:21:01.458Z,699711,897159,5047345
2024-09-06T18:17:32.263Z,699822,897751,5048222
2024-09-07T11:47:42.881Z,699842,897910,3162840
2024-09-09T18:18:44.601Z,699914,898328,5053438
2024-09-10T18:16:14.213Z,699955,898622,5055092
2024-09-11T18:12:17.673Z,700050,899099,5056860
2024-09-12T18:11:52.733Z,700123,89638,5060197
2024-09-13T18:33:27.092Z,700164,910213,5062569
2024-09-14T11:45:42.847Z,700185,900457,5063557
2024-09-16T18:21:49.560Z,700215,900850,5065743
2024-09-18T18:23:14.873Z,700325,901970,5068841
2024-09-19T18:25:57.591Z,700364,902755,5071997
2024-09-20T18:17:20.497Z,700403,942888,5073567
2024-09-21T12:01:34.700Z,700467,903122,5074141
2024-09-23T18:21:30.356Z,700474,903602,5079891
2024-09-24T18:10:37.270Z,700498,904701,5085234
2024-09-25T18:28:02.027Z,700552,905518,5086661
2024-09-26T18:09:29.362Z,700595,905954,5089176
2024-09-27T18:08:51.892Z,700645,906490,5092939
2024-09-28T11:52:53.711Z,700683,906706,5094537
2024-09-30T18:11:39.982Z,700717,907186,5097941
2024-10-01T18:24:45.820Z,700874,907816,5100497
2024-10-02T18:23:09.626Z,700952,909040,5103149
2024-10-03T18:24:23.997Z,701307,909949,5105888
2024-10-04T18:20:11.208Z,701671,910605,5108055
2024-10-05T11:54:39.425Z,701689,910784,5108958
2024-10-08T18:36:30.581Z,701893,911790,5115874
2024-10-09T18:24:25.849Z,701958,6816387,5117710
2024-10-10T18:27:40.100Z,702223,912728,5119844
2024-10-14T17:58:35.811Z,702283,913264,5122986
2024-10-15T18:13:56.040Z,702355,913893,5125943
2024-10-16T18:22:58.195Z,702444,914743,5127997
2024-10-17T18:09:29.164Z,702508,915328,5130451
2024-10-19T11:44:57.858Z,702584,916049,5133316
2024-10-21T18:17:18.691Z,702612,916281,5136595
2024-10-22T18:08:49.894Z,702644,916728,5140033
2024-10-23T18:19:01.523Z,702827,917141,5141940
2024-10-24T18:22:50.126Z,702912,917892,5143083
2024-10-25T18:17:39.996Z,703033,918187,5145595
2024-10-26T11:53:06.851Z,703053,918302,5146586
2024-10-28T18:19:31.666Z,703143,918693,5148639
2024-10-29T18:26:41.013Z,703179,919512,5153109
2024-10-30T18:24:02.474Z,703385,919992,5154725
2024-10-31T18:13:54.427Z,703543,921375,5158856
2024-10-18T18:25:17.622Z,802620,915878,5132495
2024-09-17T18:09:53.280Z,901092,700240,5067066